<?xml version="1.0" encoding="UTF-8" standalone="no"?>
<employees>
  <employee>
    <Employee_Id>1.0</Employee_Id>
    <Employee_Name>John</Employee_Name>
    <Department>Development</Department>
    <City>LA</City>
    <Designation>Senior Developer</Designation>
  </employee>
  <employee>
    <Employee_Id>2.0</Employee_Id>
    <Employee_Name>Alex</Employee_Name>
    <Department>Sales</Department>
    <City>NY</City>
    <Designation>Senior Manager</Designation>
  </employee>
  <employee>
    <Employee_Id>3.0</Employee_Id>
    <Employee_Name>Bob</Employee_Name>
    <Department>Development</Department>
    <City>LA</City>
    <Designation>Developer</Designation>
  </employee>
  <employee>
    <Employee_Id>4.0</Employee_Id>
    <Employee_Name>Jenny</Employee_Name>
    <Department>Development</Department>
    <City>LA</City>
    <Designation>Developer</Designation>
  </employee>
  <employee>
    <Employee_Id>5.0</Employee_Id>
    <Employee_Name>Mery</Employee_Name>
    <Department>Development</Department>
    <City>LA</City>
    <Designation>Senior Developer</Designation>
  </employee>
  <employee>
    <Employee_Id>6.0</Employee_Id>
    <Employee_Name>Aron</Employee_Name>
    <Department>Development</Department>
    <City>LA</City>
    <Designation>Developer</Designation>
  </employee>
  <employee>
    <Employee_Id>7.0</Employee_Id>
    <Employee_Name>Kevin</Employee_Name>
    <Department>Testing</Department>
    <City>LA</City>
    <Designation>Senior Engineer</Designation>
  </employee>
  <employee>
    <Employee_Id>8.0</Employee_Id>
    <Employee_Name>Gabriel</Employee_Name>
    <Department>Development</Department>
    <City>LA</City>
    <Designation>Team Lead</Designation>
  </employee>
  <employee>
    <Employee_Id>9.0</Employee_Id>
    <Employee_Name>Ramsey</Employee_Name>
    <Department>Testing</Department>
    <City>LA</City>
    <Designation>Tester</Designation>
  </employee>
  <employee>
    <Employee_Id>10.0</Employee_Id>
    <Employee_Name>Paul</Employee_Name>
    <Department>Sales</Department>
    <City>Austin</City>
    <Designation>Sales Executive</Designation>
  </employee>
  <employee>
    <Employee_Id>11.0</Employee_Id>
    <Employee_Name>Tina</Employee_Name>
    <Department>Sales</Department>
    <City>Green Bay</City>
    <Designation>Sales Executive</Designation>
  </employee>
  <employee>
    <Employee_Id>13.0</Employee_Id>
    <Employee_Name>Sam</Employee_Name>
    <Department>Development</Department>
    <City>LA</City>
    <Designation>Developer</Designation>
  </employee>
</employees>
