{"employees":[{"e_id":"1.0","e_name":"John","department":"LA","city":"Development","designation":"Senior Developer"},{"e_id":"2.0","e_name":"Alex","department":"NY","city":"Sales","designation":"Senior Manager"},{"e_id":"3.0","e_name":"Bob","department":"LA","city":"Development","designation":"Developer"},{"e_id":"4.0","e_name":"Jenny","department":"LA","city":"Development","designation":"Developer"},{"e_id":"5.0","e_name":"Mery","department":"LA","city":"Development","designation":"Senior Developer"},{"e_id":"6.0","e_name":"Aron","department":"LA","city":"Development","designation":"Developer"},{"e_id":"7.0","e_name":"Kevin","department":"LA","city":"Testing","designation":"Senior Engineer"},{"e_id":"8.0","e_name":"Gabriel","department":"LA","city":"Development","designation":"Team Lead"},{"e_id":"9.0","e_name":"Ramsey","department":"LA","city":"Testing","designation":"Tester"},{"e_id":"10.0","e_name":"Paul","department":"Austin","city":"Sales","designation":"Sales Executive"},{"e_id":"11.0","e_name":"Tina","department":"Green Bay","city":"Sales","designation":"Sales Executive"},{"e_id":"13.0","e_name":"Sam","department":"LA","city":"Development","designation":"Developer"}]}